call	files	sites
FhirantLogging	30	175
logError	29	71
jsonEncode	27	129
jsonDecode	22	40
toString	20	62
logInfo	19	70
request.readAsString	17	26
toList	16	55
where	14	36
fhir.R4ResourceType.fromString	14	31
add	12	16
fhir.OperationOutcomeIssue	11	35
fhir.OperationOutcome	11	34
map	11	29
dbInterface.getResource	11	28
Principal.of	9	15
fhir.Resource.fromJson	9	14
_errorResponse	8	93
split	8	14
toJson	8	11
SmartScopeEnforcer.defaultScopesForRole	8	10
fhir.FhirUri	7	29
dbInterface.search	7	19
sort	7	14
patientContextFor	7	14
File	7	13
Function	7	13
isInPatientCompartment	7	10
RegExp	7	8
logWarning	6	31
forbidden	6	16
fhir.Bundle	6	16
fhir.BundleEntry	6	12
compartmentFor	6	11
operationOutcome.toJsonString	6	11
join	6	9
notFoundOutcome	6	9
SubscriptionService	6	8
fhir.FhirString	5	51
_validationErrorResponse	5	46
toJsonString	5	14
utf8.encode	5	13
innerHandler	5	12
s.trim	5	12
from	5	11
toUtc	5	10
generate	5	7
utf8.decode	5	6
toIso8601String	5	5
_outcome	4	22
toSet	4	9
bundle.toJsonString	4	9
replaceAll	4	8
dbInterface.saveResource	4	8
patientScopeForbiddenResponse	4	8
unawaited	4	7
request.change	4	7
dbInterface.getUserById	4	7
SearchParameterParser.parseQueryParameters	4	7
clamp	4	7
CredentialInvalid	4	6
CredentialLocked	4	6
key.startsWith	4	6
PasswordHasher.generateSalt	4	5
PasswordHasher.hashPassword	4	5
file.existsSync	4	5
CredentialOk	4	5
CredentialInactive	4	5
CompartmentScope	4	5
storeRefusal	4	5
trim	4	5
jwtService.generateToken	4	5
jwtService.generateRefreshToken	4	5
file.openRead	4	5
isNewResourceInPatientCompartment	4	5
patientScopeNotFoundResponse	4	5
base64Url.encode	4	5
checkCredentials	4	4
e.toString	4	4
Random.secure	4	4
_operationOutcome	3	47
fhir.BundleLink	3	17
fhir.FhirUnsignedInt	3	12
Uint8List.fromList	3	12
SmartScope.parse	3	8
_baseUrl	3	8
FhirHttpHeaders.resourceHeaders	3	8
outcomeResponse	3	7
patientCompartment	3	7
pageArgumentError	3	7
url	3	7
startsWith	3	7
Uint8List	3	7
delete	3	6
FhirHttpHeaders.parseETag	3	6
pageSize	3	6
TokenHasher.hash	3	6
db.saveResource	3	6
dbInterface.searchCount	3	5
fhir.Resource.fromJsonString	3	5
db.search	3	5
subs.onResourceChanged	3	5
init	3	5
PasswordPolicy.validate	3	4
toLowerCase	3	4
entries.add	3	4
base64Decode	3	4
SearchLinks.decide	3	4
contains	3	4
invalidSearchParameter	3	4
out.add	3	4
of	3	3
authorizeRequest	3	3
tokenPredatesAccount	3	3
dbInterface.getUserCount	3	3
isFhirId	3	3
applyJsonPatch	3	3
unreadable.join	3	3
outcome.toJsonString	3	3
principal.compartmentFor	3	3
principal.unauthorizedTypes	3	3
resource.toJson	3	3
DbResourceCache	3	3
remove	3	3
response.change	3	3
random.nextInt	3	3
post	2	41
fhir.ParametersParameter	2	30
bundleLinks.add	2	12
BackupDecryptionException	2	11
param.containsKey	2	10
validateCodeHandler	2	9
error	2	9
links.url	2	8
fhir.Parameters	2	8
path.split	2	8
unauthorized	2	7
links.self	2	7
parameters.add	2	7
_parseParametersResource	2	6
Directory	2	6
_extractExpiresAt	2	6
resource.toJsonString	2	6
fhir.FhirInteger	2	6
_randomBytes	2	6
Uint8List.sublistView	2	6
put	2	5
lookupHandler	2	5
expandHandler	2	5
translateHandler	2	5
subsumesHandler	2	5
dbInterface.bumpTokenGeneration	2	5
fhir.BundleSearch	2	5
evaluate	2	5
principal.may	2	4
exportKickoffHandler	2	4
inner	2	4
timeout	2	4
SmartScopeEnforcer.resourceScopesOf	2	4
FhirHttpHeaders.parsePreferHandling	2	4
fhir.BundleResponse	2	4
dbInterface.deleteResource	2	4
prefer.contains	2	4
SearchLinks.history	2	4
page	2	4
fhir.FhirMeta	2	4
dbInterface.revokeToken	2	4
searchParameterFor	2	4
_pending.add	2	4
GCMBlockCipher	2	4
AESEngine	2	4
AEADParameters	2	4
KeyParameter	2	4
cipher.process	2	4
hmac.convert	2	4
url.substring	2	4
parse	2	4
path.join	2	4
askHost	2	4
Principal	2	3
SmartScopeEnforcer.isAuthorized	2	3
scope.permissions.contains	2	3
AuditQueue	2	3
setActiveHandler	2	3
validateHandler	2	3
preferredIdHandler	2	3
fhirPathHandler	2	3
putResourceHandler	2	3
CorsConfig	2	3
cancel	2	3
change	2	3
dir.delete	2	3
file.lengthSync	2	3
resource.newId	2	3
resolveConditionalUpdate	2	3
typeSearch	2	3
dbInterface.getResourceTypes	2	3
t.toString	2	3
dbInterface.countHistory	2	3
subs.activate	2	3
FhirHttpHeaders.parsePreferReturn	2	3
FhirHttpHeaders.preferredResponse	2	3
dbInterface.isTokenRevoked	2	3
scopes.join	2	3
hasMatch	2	3
_run	2	3
authHeader.startsWith	2	3
authHeader.substring	2	3
fhir.Coding	2	3
db.getResourcesByType	2	3
trimmed.substring	2	3
base64Url.decode	2	3
Hmac	2	3
BytesBuilder	2	3
saveCanonicalResource	2	3
FilterComparison	2	3
FilterLogical	2	3
FilterNot	2	3
scopesError	2	2
username.trim	2	2
JwtSecret.generate	2	2
file.parent.createSync	2	2
file.writeAsStringSync	2	2
bootstrapTokenMatches	2	2
db.updatePassword	2	2
scopes.map	2	2
JwtService	2	2
WebSocketSubscriptions	2	2
authStatusHandler	2	2
registerHandler	2	2
loginHandler	2	2
refreshHandler	2	2
revokeHandler	2	2
logoutHandler	2	2
authorizeGetHandler	2	2
contentType.contains	2	2
authorizeJsonHandler	2	2
authorizePostHandler	2	2
changePasswordHandler	2	2
unlockAccountHandler	2	2
listUsersHandler	2	2
resetPasswordHandler	2	2
setRoleHandler	2	2
setScopesHandler	2	2
getSystemSearchHandler	2	2
baseHandler	2	2
healthHandler	2	2
metadataHandler	2	2
libraryEvaluateHandler	2	2
libraryEvaluateByUrlHandler	2	2
reindexKickoffHandler	2	2
reindexStatusHandler	2	2
backupHandler	2	2
restoreHandler	2	2
cqlHandler	2	2
immdsForecastHandler	2	2
immdsForecastWhoHandler	2	2
websocketHandler	2	2
mappingHandler	2	2
exportStatusHandler	2	2
exportDeleteHandler	2	2
exportFileHandler	2	2
documentHandler	2	2
everythingHandler	2	2
metaHandler	2	2
metaAddHandler	2	2
metaDeleteHandler	2	2
vreadResourceHandler	2	2
resourceHistoryHandler	2	2
typeHistoryHandler	2	2
systemHistoryHandler	2	2
compartmentSearchHandler	2	2
postSystemSearchHandler	2	2
bundleHandler	2	2
getResourcesHandler	2	2
postSearchHandler	2	2
postResourceHandler	2	2
getResourceByIdHandler	2	2
conditionalUpdateHandler	2	2
patchResourceHandler	2	2
deleteResourceHandler	2	2
conditionalDeleteHandler	2	2
corsMiddleware	2	2
bodyLimitMiddleware	2	2
contentNegotiationMiddleware	2	2
auditMiddleware	2	2
authMiddleware	2	2
sweepExpired	2	2
subtract	2	2
job	2	2
sweepExpiredExports	2	2
difference	2	2
isAfter	2	2
Uuid	2	2
SmartScopeEnforcer.grantScopes	2	2
granted.join	2	2
request.read	2	2
compareTo	2	2
currentResource.toJson	2	2
dbInterface.subjectOfCare	2	2
dbInterface.compartmentMembers	2	2
dbInterface.getResources	2	2
requested.replace	2	2
fetched.sublist	2	2
resources.map	2	2
patientId.startsWith	2	2
runProgram	2	2
substring	2	2
patient.toJson	2	2
HttpDate.format	2	2
StreamIterator	2	2
resourceType.toString	2	2
serveResourceCache	2	2
HostResourceCache	2	2
url.split	2	2
dbInterface.getUserByUsername	2	2
JWT.decode	2	2
payload.containsKey	2	2
toInt	2	2
value.split	2	2
SearchQueryKey.parse	2	2
rule.startsWith	2	2
rule.substring	2	2
FilterEvaluator	2	2
parseFilter	2	2
identical	2	2
sink.add	2	2
drain	2	2
db.saveResources	2	2
path.contains	2	2
isSpecResource	2	2
encrypt	2	2
decrypt	2	2
url.indexOf	2	2
getStructureDefinition	2	2
getStructureDefinitions	2	2
getCodeSystem	2	2
getResourceMap	2	2
getCanonicalResource	2	2
getResourceNames	2	2
setRange	2	2
StringBuffer	2	2
sha256.convert	2	2
HasParameter.parse	2	2
any	2	2
BundleEntryException	1	48
get	1	39
FhirCanonical	1	23
_searchRefusal	1	22
_json	1	18
CapabilityStatementOperation	1	17
CapabilityStatementInteraction	1	13
FilterNotSupported	1	13
FilterParseException	1	13
_escapeHtml	1	12
SearchRefused	1	12
_validationResult	1	11
_errorPage	1	10
_withStatus	1	10
_skipSpace	1	10
_withAgent	1	9
ExportFileCorrupt	1	9
_parseJsonPointer	1	9
CliUsageException	1	8
addOption	1	8
addMiddleware	1	8
addRef	1	8
dbInterface.getExportJob	1	7
_parseSince	1	7
remaining	1	7
_extractOperationParams	1	7
_requireAdmin	1	6
_publicUser	1	6
_errorToClient	1	6
_Invalid	1	6
_entryPatient	1	6
addRefs	1	6
dbInterface.updateExportJob	1	6
ConditionalUpdateRefused	1	6
_findConcept	1	6
c.codeUnitAt	1	6
AdminSetupResult	1	5
pick	1	5
optionalString	1	5
flag	1	5
_body	1	5
_fresh	1	5
_requireStoredInCompartment	1	5
_EvalParams	1	5
_resultToParameter	1	5
_removeJobDir	1	5
FhirBoolean	1	5
_valueSetIssue	1	5
BackupPassphraseRequired	1	5
_readWhile	1	5
_setValueAtPath	1	5
link	1	5
permissions.contains	1	5
logger.logInfo	1	5
addFlag	1	4
_redactUri	1	4
shaped.add	1	4
_requestProblem	1	4
_Issued	1	4
_Denied	1	4
filled	1	4
_auditEntries	1	4
_resolveUrnReferences	1	4
_resolveValue	1	4
_requireBodyInCompartment	1	4
_activated	1	4
pageUrl	1	4
_extractCqlFromLibrary	1	4
_evaluationRefusal	1	4
_buildContext	1	4
_executeSandboxed	1	4
_parseCql	1	4
CqlLibrary.fromJson	1	4
_bundleEntry	1	4
_isValidJobId	1	4
write	1	4
_refuseUnlessOwner	1	4
_searchForPatient	1	4
_instantError	1	4
_historyEntry	1	4
_refuseOutsidePatientCompartment	1	4
p.toString	1	4
FhirCode	1	4
FhirExtension	1	4
FhirUri	1	4
_findCodeSystemByUrl	1	4
responseParams.add	1	4
propJson.containsKey	1	4
propParts.add	1	4
fhir.FhirCode	1	4
result.toJsonString	1	4
_isAncestor	1	4
_flush	1	4
_hasEnded	1	4
_recordFailure	1	4
_deriveKey	1	4
_parseFilter	1	4
_expect	1	4
_isSpace	1	4
current.containsKey	1	4
_getValueAtPath	1	4
path.sublist	1	4
_toHex	1	4
_constantTimeEquals	1	4
reply.send	1	4
ProgramFailed	1	4
_keep	1	4
ignored.add	1	4
_firstSegment	1	4
urlPath.startsWith	1	4
urlPath.substring	1	4
logger.logWarning	1	4
SeedRefused	1	3
requiredString	1	3
integer	1	3
createRouter	1	3
createHandler	1	3
pipeline.addMiddleware	1	3
_startCleanupTimer	1	3
_setPassword	1	3
_lastActiveAdmin	1	3
_redirectPinProblem	1	3
_pkceProblem	1	3
_loginForm	1	3
form	1	3
_authorize	1	3
_sameRedirect	1	3
_assignPostIds	1	3
_methodRank	1	3
_processBundleEntry	1	3
_notify	1	3
resultEntries.add	1	3
fullUrl.startsWith	1	3
urnMap.containsKey	1	3
_scopesOf	1	3
_refuseOutsidePatientContext	1	3
_parsePlainJson	1	3
_base64Decode	1	3
_collectSectionReferences	1	3
_files	1	3
_writeNdjsonFile	1	3
_failJob	1	3
file	1	3
addAll	1	3
dbInterface.exportJson	1	3
_handleForecast	1	3
_buildParametersFromDb	1	3
_refuseOutsideCompartment	1	3
TargetTypeAmbiguous	1	3
parameters.toJsonString	1	3
_extractMetaFromParameters	1	3
_setMeta	1	3
_codeReused	1	3
_searchResources	1	3
_splitQueryStringAll	1	3
systemSearchHandler	1	3
compartmentOf	1	3
_processIncludes	1	3
_processRevIncludes	1	3
shapeResource	1	3
includedResourceIds.contains	1	3
_preconditionFailed	1	3
jwtService.verifyToken	1	3
_tryParseBody	1	3
_validateAgainstCodeSystem	1	3
_validateAgainstValueSet	1	3
_findValueSetByUrl	1	3
fhir.FhirBoolean	1	3
_filterContains	1	3
_findInExpansion	1	3
_containsCode	1	3
_entityFromPath	1	3
_agentOf	1	3
_queueEvent	1	3
_tooLarge	1	3
_notAcceptable	1	3
BackupRestoreResult	1	3
parseCriteria	1	3
_failureCount	1	3
_withFailureCount	1	3
emit	1	3
_nonce	1	3
_associated	1	3
reader.take	1	3
_startsWith	1	3
ByteData.sublistView	1	3
_requireToken	1	3
input.substring	1	3
_parseTerm	1	3
_peekWord	1	3
_parseParenthesised	1	3
_isAlpha	1	3
_removeValueAtPath	1	3
SecretKey	1	3
verifyToken	1	3
_argon2	1	3
_parseParameters	1	3
ReceivePort	1	3
_HostOk	1	3
_HostFailed	1	3
_Failed	1	3
_definitionOf	1	3
_addSubsettedTag	1	3
SearchLinks._	1	3
self	1	3
specResourcesLoaded	1	3
loadSpecLines	1	3
_report	1	3
save	1	3
hasActiveAdmin	1	2
SeedNotConfigured	1	2
SeedCreated	1	2
SeedAlreadyProvisioned	1	2
generateBootstrapToken	1	2
db.resetFailedLogins	1	2
may	1	2
SmartScopeEnforcer.isUnscopedDataAccessAuthorized	1	2
ServerOptions	1	2
RequestLogEntry	1	2
all	1	2
ShelfRateLimiter	1	2
MemStorage	1	2
_trustedClientIpMiddleware	1	2
_logRequestsMiddleware	1	2
_onPaths	1	2
_devModeMiddleware	1	2
_uncaughtErrorMiddleware	1	2
shelf_io.serve	1	2
server.close	1	2
_reconcileExports	1	2
hourlyCleanup	1	2
_isResourceType	1	2
segment.startsWith	1	2
_tokenPair	1	2
dbInterface.getAllUsers	1	2
replace	1	2
db.getOAuthClientRedirect	1	2
_errorRedirect	1	2
loopback.contains	1	2
_readParameters	1	2
Directory.systemTemp.createTemp	1	2
sink.close	1	2
outcome.toJson	1	2
_passphraseHeader	1	2
_processTransaction	1	2
_processBatch	1	2
_buildUrnUuidMap	1	2
operations.add	1	2
resultBundle.toJsonString	1	2
_authorizeEntry	1	2
_entrySearch	1	2
bodyResource.toJson	1	2
_entryConditionalDelete	1	2
_BundleOperation	1	2
compartmentDefinitions.containsKey	1	2
_buildSearchsetBundle	1	2
_parseEvaluateParams	1	2
_buildParametersResponse	1	2
_loadPatientData	1	2
_extractParameterValue	1	2
parts.add	1	2
_collectCompositionReferences	1	2
_parseAndFetchReference	1	2
refString.contains	1	2
references.add	1	2
refs.forEach	1	2
_failureOutcome	1	2
_CountingSink	1	2
plain.close	1	2
_processExport	1	2
fileName.contains	1	2
iterator.moveNext	1	2
rest	1	2
dbInterface.deleteExportJob	1	2
dir.existsSync	1	2
f.startsWith	1	2
filter.substring	1	2
filter.indexOf	1	2
dbInterface.searchIds	1	2
ids.where	1	2
outputManifest.add	1	2
FHIRPathEngine.create	1	2
WorkerContext	1	2
_tooCostly	1	2
_extractPatientId	1	2
_hasPatientResource	1	2
forecastFromMap	1	2
result.toJson	1	2
PatientNotFound	1	2
fhir.StructureMap.fromJson	1	2
_targetResourceType	1	2
resourceFromJson	1	2
_transformProgram	1	2
found.add	1	2
_mergeMeta	1	2
_subtractMeta	1	2
existing.copyWith	1	2
_searchParamsFor	1	2
_searchIncludesFor	1	2
_searchRevIncludes	1	2
_fhirPatchNotSupported	1	2
_handleAuthorizationCodeGrant	1	2
_handleRefreshTokenGrant	1	2
ReindexJob._	1	2
job.started.toIso8601String	1	2
type.toString	1	2
invalidParams.join	1	2
lacking.join	1	2
parameter	1	2
allowed.contains	1	2
dbInterface.getResourceCount	1	2
includedResources.addAll	1	2
includedResourceIds.addAll	1	2
FhirResponseShaper.shapeSummary	1	2
FhirResponseShaper.shapeElements	1	2
_includeBudgetOutcome	1	2
allIds.contains	1	2
includedResources.add	1	2
includedResourceIds.add	1	2
_refusal	1	2
pair.substring	1	2
_parseBody	1	2
valueSet.copyWith	1	2
fhir.ValueSetExpansion	1	2
expanded.toJsonString	1	2
dbInterface.fhirDao.expandValueSet	1	2
params.add	1	2
_findConceptMapByUrl	1	2
_resolveProfile	1	2
canonical.substring	1	2
registry.release	1	2
_write	1	2
event	1	2
_shouldAudit	1	2
_queueAuditEvent	1	2
_queueBundleEntryEvents	1	2
_mapAction	1	2
segments.any	1	2
s.startsWith	1	2
_mapSubtype	1	2
_mapOutcome	1	2
_entityReference	1	2
_isPublic	1	2
jwtService.verifyAccessToken	1	2
bundle	1	2
isJsonFile	1	2
restore	1	2
BackupCrypto.isEnvelope	1	2
decode	1	2
failures.add	1	2
matches	1	2
_evaluate	1	2
_deliver	1	2
_headers	1	2
_recordSuccess	1	2
subscription.copyWith	1	2
raw.substring	1	2
_bound.remove	1	2
_length	1	2
buffer.add	1	2
buffer.takeBytes	1	2
_Reader	1	2
getUint32	1	2
file.read	1	2
setUint32	1	2
_iterator.moveNext	1	2
_comparison	1	2
_allIds	1	2
_key	1	2
_value	1	2
db.searchIds	1	2
FilterPathSegment	1	2
_FilterParser	1	2
_parseComparison	1	2
_parsePath	1	2
_parseValue	1	2
_readName	1	2
_parseQuotedString	1	2
_decodeEscape	1	2
buffer.write	1	2
_readUnicodeEscape	1	2
_isDigit	1	2
etag	1	2
_applyAdd	1	2
_applyRemove	1	2
_applyReplace	1	2
_applyMove	1	2
_applyCopy	1	2
_applyTest	1	2
_pathExists	1	2
restrictToOwner	1	2
JWT	1	2
jwt.sign	1	2
_headerAlgorithm	1	2
Isolate.run	1	2
hashPasswordSync	1	2
verifyPasswordSync	1	2
storedHash.split	1	2
_pbkdf2	1	2
_computeS256Challenge	1	2
program	1	2
ProgramHostFailed	1	2
ProgramTimeout	1	2
specialParams.contains	1	2
unknownSpecialParams.add	1	2
invalidParams.add	1	2
SmartScope	1	2
scope.substring	1	2
rest.substring	1	2
scopes.any	1	2
firstWhere	1	2
_privilegedSystemOperations.contains	1	2
path.startsWith	1	2
nonResourceScopes.contains	1	2
out.contains	1	2
_tagged	1	2
listSync	1	2
f.path.endsWith	1	2
NdjsonStream.lines	1	2
_pieces	1	2
delayed	1	2
AdminProvisioning._	1	1
db.getAllUsers	1	1
users.any	1	1
createInitialAdmin	1	1
db.createUser	1	1
SeedOutcome	1	1
seedAdminFromEnvironment	1	1
AdminProvisioning.createInitialAdmin	1	1
issueBootstrapToken	1	1
db.getUserCount	1	1
file.deleteSync	1	1
JwtSecret.restrictToOwner	1	1
presented.codeUnitAt	1	1
issued.codeUnitAt	1	1
CredentialResult	1	1
db.getUserByUsername	1	1
PasswordHasher.verifyPassword	1	1
lockedUntil.isAfter	1	1
lockedUntil.difference	1	1
db.incrementFailedLogins	1	1
db.lockAccount	1	1
db.updateLastLogin	1	1
PasswordHasher.needsRehash	1	1
SmartScopeEnforcer.isSystemAuthorized	1	1
unauthorizedTypes	1	1
resourceTypes.where	1	1
SmartScopeEnforcer.isPrivilegedSystemOperation	1	1
SmartScopeEnforcer.hasPatientScopes	1	1
SmartScopeEnforcer.methodToPermission	1	1
SmartScopeEnforcer.resourceTypeFromPath	1	1
SmartScopeEnforcer.isRootDataOperation	1	1
SmartScopeEnforcer.isOwnerCheckedOperation	1	1
parser	1	1
ArgParser	1	1
resolve	1	1
loadYaml	1	1
readFile	1	1
entry.key.toString	1	1
configKeys.contains	1	1
configKeys.join	1	1
args.wasParsed	1	1
v.toString	1	1
_readFile	1	1
readAsStringSync	1	1
encryptionKeyRefusal	1	1
publicKeys.contains	1	1
FhirAntServer	1	1
baseUrl	1	1
ReindexJobs	1	1
broadcast	1	1
Router	1	1
patch	1	1
Pipeline	1	1
generalLimiter.rateLimiter	1	1
authLimiter.rateLimiter	1	1
addHandler	1	1
paths.contains	1	1
limited	1	1
next	1	1
startHttp	1	1
startHttps	1	1
SecurityContext	1	1
useCertificateChainBytes	1	1
usePrivateKeyBytes	1	1
stop	1	1
subscriptions.drain	1	1
notification	1	1
_audit.drain	1	1
dbInterface.optimizeStatistics	1	1
_requestLogController.close	1	1
Timer.periodic	1	1
dbInterface.fhirDao.purgeResourcesLastUpdatedBefore	1	1
AuditEvent	1	1
step	1	1
dbInterface.failStaleExportJobs	1	1
shaped.join	1	1
uri.queryParametersAll.keys.map	1	1
toUpperCase	1	1
_requestLogController.add	1	1
dbInterface.deactivateUser	1	1
dbInterface.activateUser	1	1
validRoles.contains	1	1
validRoles.join	1	1
dbInterface.updateUserRole	1	1
body.containsKey	1	1
dbInterface.updateUserScopes	1	1
db.bumpTokenGeneration	1	1
db.getUserById	1	1
_Outcome	1	1
scope.split	1	1
db.registerOAuthClient	1	1
_uuid.v4	1	1
db.createAuthorizationCode	1	1
aud.endsWith	1	1
aud.substring	1	1
rgba	1	1
BackupService.create	1	1
BackupService.createFile	1	1
transform	1	1
fromHandlers	1	1
ignore	1	1
upload.openWrite	1	1
sink.addStream	1	1
upload.lengthSync	1	1
BackupService.restoreFile	1	1
fhir.Bundle.fromJsonString	1	1
a.compareTo	1	1
value.startsWith	1	1
e.key.toString	1	1
value.map	1	1
method.toString	1	1
req.url.toString	1	1
url.startsWith	1	1
url.contains	1	1
url.replaceAll	1	1
entryUri.path.split	1	1
withId.newId	1	1
withId.copyWith	1	1
bodyResource.newId	1	1
patchResource.toJson	1	1
FhirHttpHeaders.etag	1	1
subscriptions.activate	1	1
subscriptions.onResourceChanged	1	1
supportedCompartments.join	1	1
members.keys.toList	1	1
pageIds.add	1	1
paged.add	1	1
paged.map	1	1
containsKey	1	1
fhir.Library.fromJson	1	1
id.startsWith	1	1
library.toJson	1	1
execute	1	1
context.addAll	1	1
BundleDataProvider.fromBundle	1	1
libraryFromCql	1	1
a.toJson	1	1
results.map	1	1
r.toJson	1	1
double.tryParse	1	1
value.toJson	1	1
value.containsKey	1	1
value.toString	1	1
references.map	1	1
r.split	1	1
resolvedResources.add	1	1
reference.split	1	1
_jobIdPattern.hasMatch	1	1
BulkExportFile.fromJson	1	1
file.parent.create	1	1
file.openWrite	1	1
ExportFileCrypto.encrypt	1	1
NdjsonStream.write	1	1
out.close	1	1
_out.add	1	1
writeAll	1	1
objects.join	1	1
writeCharCode	1	1
writeln	1	1
BulkExportKickoff.fromQuery	1	1
bulkOutputFormats.join	1	1
unsupported.join	1	1
kickoff.types.join	1	1
filter.toString	1	1
compartmentTypes.intersection	1	1
kickoff.types.toSet	1	1
wanted.where	1	1
v4	1	1
request.requestedUri.toString	1	1
dbInterface.createExportJob	1	1
userId.toString	1	1
base64Encode	1	1
ExportFileCrypto.newKey	1	1
catchError	1	1
principal.userId.toString	1	1
BulkExportManifest	1	1
expires.toUtc	1	1
ExportFileCrypto.decrypt	1	1
file.open	1	1
ExportFileCrypto.plaintextLength	1	1
raf.close	1	1
jobDir.existsSync	1	1
jobDir.delete	1	1
compartmentTypes.contains	1	1
existingTypes.toSet	1	1
typesToExport.where	1	1
ref.startsWith	1	1
ref.substring	1	1
retainWhere	1	1
allResourceIds.putIfAbsent	1	1
typeFilter.contains	1	1
putIfAbsent	1	1
patientIds.toSet	1	1
filterIds.addAll	1	1
dbInterface.compartmentTypeMembers	1	1
ids.addAll	1	1
dbInterface.finishedExportJobsBefore	1	1
root.existsSync	1	1
dbInterface.exportJobIds	1	1
root.list	1	1
lastWhere	1	1
owned.contains	1	1
entry.delete	1	1
favicoHandler	1	1
readAsBytes	1	1
engine.parse	1	1
worker.evaluate	1	1
worker.parse	1	1
insert	1	1
paramList.any	1	1
patientId.substring	1	1
imm.toJson	1	1
cond.toJson	1	1
allergy.toJson	1	1
now.difference	1	1
now.toUtc	1	1
dbInterface.getHistory	1	1
dbInterface.countTypeHistory	1	1
dbInterface.getTypeHistory	1	1
dbInterface.countSystemHistory	1	1
dbInterface.getSystemHistory	1	1
dbInterface.getVersion	1	1
versionedResource.toJsonString	1	1
fhir.BundleRequest	1	1
fhir.FhirInstant.fromDateTime	1	1
dbInterface.unlockAccount	1	1
maps.first.toJson	1	1
runHostedProgram	1	1
structureMap.toJson	1	1
source.toJson	1	1
fhirMappingEngine	1	1
cache.getStructureDefinition	1	1
found.toList	1	1
paramMap.containsKey	1	1
fhir.FhirMeta.fromJson	1	1
existingProfiles.contains	1	1
existingTagKeys.contains	1	1
existingSecKeys.contains	1	1
removeProfiles.contains	1	1
removeTagKeys.contains	1	1
removeSecKeys.contains	1	1
meta.toJson	1	1
forType	1	1
CapabilityStatementSearchParam	1	1
SearchParamType	1	1
e.value..sort	1	1
CapabilityStatement	1	1
CapabilityStatementSoftware	1	1
CapabilityStatementImplementation	1	1
CapabilityStatementRest	1	1
FhirString	1	1
CapabilityStatementSecurity	1	1
CodeableConcept	1	1
Coding	1	1
R4ResourceType.typesAsStrings.map	1	1
SearchParamDefinitions.everythingTypes.contains	1	1
SearchParamDefinitions.exportTypes.contains	1	1
SearchParamDefinitions.documentTypes.contains	1	1
SearchParamDefinitions.validateCodeTypes.contains	1	1
SearchParamDefinitions.lookupTypes.contains	1	1
SearchParamDefinitions.expandTypes.contains	1	1
SearchParamDefinitions.subsumesTypes.contains	1	1
SearchParamDefinitions.translateTypes.contains	1	1
SearchParamDefinitions.preferredIdTypes.contains	1	1
CapabilityStatementResource	1	1
capabilityStatement.toJsonString	1	1
OperationOutcome	1	1
OperationOutcomeIssue	1	1
dbInterface.getAuthorizationCode	1	1
dbInterface.markAuthorizationCodeUsed	1	1
Pkce.verifyCodeChallenge	1	1
dbInterface.consumeAuthorizationCode	1	1
authCode.scope.split	1	1
jwtService.verifyRefreshToken	1	1
scopeStr.split	1	1
_validRoles.contains	1	1
_validRoles.join	1	1
rawPatient.startsWith	1	1
rawPatient.substring	1	1
dbInterface.createUser	1	1
start	1	1
job._run	1	1
customSelect	1	1
count	1	1
getSingle	1	1
db.rebuildSearchIndex	1	1
jobs.start	1	1
request.requestedUri.replace	1	1
SearchParameter	1	1
job.rejected.map	1	1
a.toString	1	1
b.toString	1	1
expand	1	1
resolved.add	1	1
refusedTypes.join	1	1
types.map	1	1
unknownParams.join	1	1
allEntries.add	1	1
refused.join	1	1
filter.trim	1	1
dbInterface.getResourcesWithPagination	1	1
includedResources.map	1	1
includeSpec.split	1	1
dbInterface.referenceTargets	1	1
wanted.keys.toList	1	1
ids.sublist	1	1
take.join	1	1
revincludeSpec.split	1	1
refsByType.values.expand	1	1
refs.join	1	1
existing.first.toJsonString	1	1
HttpDate.parse	1	1
lastUpdated.isAfter	1	1
invalid.join	1	1
withId.toJsonString	1	1
dbInterface.transaction	1	1
body.split	1	1
pair.indexOf	1	1
smartConfigHandler	1	1
p.toJson	1	1
contains.skip	1	1
contains.take	1	1
fhir.ValueSetContains	1	1
filtered.skip	1	1
filtered.take	1	1
filter.toLowerCase	1	1
contains.where	1	1
display.contains	1	1
code.contains	1	1
codeSystem.content.toString	1	1
response.toJsonString	1	1
matches.add	1	1
match	1	1
FhirValidationEngine	1	1
validator.validateFhirMap	1	1
message.contains	1	1
validationResults.results.where	1	1
r.diagnostics.startsWith	1	1
validationResults.toOperationOutcome	1	1
canonical.indexOf	1	1
webSocketHandler	1	1
webSocket.stream.listen	1	1
registry.handleMessage	1	1
Timer	1	1
_pending.clear	1	1
entityRef.split	1	1
queue.add	1	1
_publicPaths.contains	1	1
_publicPrefixes.any	1	1
scopeClaim.split	1	1
SmartScopeEnforcer.allScopesParse	1	1
uncapped.contains	1	1
chunks.add	1	1
Stream.fromIterable	1	1
requestedType.split	1	1
t.trim	1	1
first.trim	1	1
types.any	1	1
supportedTypes.contains	1	1
types.contains	1	1
requestedType.contains	1	1
c.allowMethods.join	1	1
c.allowHeaders.join	1	1
c.exposeHeaders.join	1	1
BackupService._	1	1
create	1	1
BackupCrypto.encrypt	1	1
createFile	1	1
db.copyEncrypted	1	1
restoreFile	1	1
readAsString	1	1
db.restoreEncrypted	1	1
isEncryptedFile	1	1
forEach	1	1
bytes.sublist	1	1
db.getResourceTypes	1	1
isEncrypted	1	1
BackupCrypto.decrypt	1	1
fhir.Bundle.fromJson	1	1
http.Client	1	1
criteria.trim	1	1
trimmed.indexOf	1	1
activate	1	1
supportedChannels.contains	1	1
supportedChannels.join	1	1
onResourceChanged	1	1
_queue.add	1	1
value	1	1
_queue.removeFirst	1	1
taken.complete	1	1
websockets.ping	1	1
endpoint.replaceAll	1	1
changed.toJsonString	1	1
fhir.FhirExtension	1	1
raw.indexOf	1	1
end.isAfter	1	1
_clock	1	1
fhir.SubscriptionStatusCodes	1	1
socketsFor	1	1
handleMessage	1	1
message.trim	1	1
trimmed.startsWith	1	1
replaceFirst	1	1
_bound.putIfAbsent	1	1
release	1	1
_bound.keys.toList	1	1
ping	1	1
sinks.toList	1	1
sinks.remove	1	1
BackupCrypto._	1	1
base64.encode	1	1
base64.decode	1	1
isEnvelope	1	1
decoded.containsKey	1	1
deriveKeyForMeasurement	1	1
out.toBytes	1	1
sublist	1	1
getChildrenByName	1	1
names.add	1	1
names.toList	1	1
ExportFileCrypto._	1	1
newKey	1	1
plaintextLength	1	1
file.length	1	1
file.setPosition	1	1
buffer.asByteData	1	1
take	1	1
_pending.takeBytes	1	1
fhirIdGrammar.hasMatch	1	1
leftIds.intersection	1	1
leftIds..addAll	1	1
all.difference	1	1
comparison.path.any	1	1
comparison.path.map	1	1
prefixed.contains	1	1
comparison.value.toLowerCase	1	1
comparators.contains	1	1
comparators.join	1	1
token.toLowerCase	1	1
FilterExpression	1	1
not	1	1
FilterOperator.parse	1	1
segments.add	1	1
buffer.toString	1	1
word.toLowerCase	1	1
fhir.StructureDefinition.fromJson	1	1
cache.getStructureDefinitions	1	1
sd.toJson	1	1
cache.getResourceNames	1	1
parseETag	1	1
firstMatch	1	1
resourceHeaders	1	1
parsePreferReturn	1	1
parsePreferHandling	1	1
preferredResponse	1	1
oo.toJsonString	1	1
pointer.startsWith	1	1
segment.replaceAll	1	1
current.add	1	1
current.insert	1	1
current.remove	1	1
current.removeAt	1	1
JwtSecret._	1	1
rng.nextInt	1	1
resolveForServer	1	1
file.readAsStringSync	1	1
Process.runSync	1	1
generateToken	1	1
generateRefreshToken	1	1
JWT.verify	1	1
token.split	1	1
base64Url.normalize	1	1
verifyAccessToken	1	1
verifyRefreshToken	1	1
PasswordHasher._	1	1
generateSalt	1	1
hashPassword	1	1
verifyPassword	1	1
convert	1	1
needsRehash	1	1
field.split	1	1
part.split	1	1
Argon2BytesGenerator	1	1
Argon2Parameters	1	1
generator.process	1	1
result.sublist	1	1
sb.write	1	1
b.toRadixString	1	1
padLeft	1	1
sb.toString	1	1
a.codeUnitAt	1	1
b.codeUnitAt	1	1
PasswordPolicy._	1	1
validate	1	1
_commonPasswords.contains	1	1
password.toLowerCase	1	1
updateSearchParameters	1	1
resource.updateVersion	1	1
params.contains	1	1
Pkce._	1	1
verifyCodeChallenge	1	1
host.send	1	1
reply.close	1	1
hostPort.listen	1	1
Isolate.spawn	1	1
port.first.timeout	1	1
Error.throwWithStackTrace	1	1
kill	1	1
port.close	1	1
hostPort.close	1	1
_Ok	1	1
shapeSummary	1	1
shapeElements	1	1
key.substring	1	1
names.contains	1	1
tags.any	1	1
tags.add	1	1
entry.value.any	1	1
kept.add	1	1
rules.add	1	1
kept.join	1	1
controlParameters.contains	1	1
known.contains	1	1
SearchParamDefinitions._	1	1
parseQueryParameters	1	1
has.add	1	1
unsupportedParams.contains	1	1
sort.addAll	1	1
include.addAll	1	1
revinclude.addAll	1	1
includeIterate.addAll	1	1
revincludeIterate.addAll	1	1
knownUnderscoreSearchParams.contains	1	1
hasSearchParameters	1	1
scope.indexOf	1	1
rest.indexOf	1	1
permsStr.split	1	1
validPerms.contains	1	1
perms.addAll	1	1
perms.add	1	1
permissions.join	1	1
defaultScopesForRole	1	1
isAuthorized	1	1
hasPatientScopes	1	1
isPatientOnlyContext	1	1
parsed.every	1	1
isOwnerCheckedOperation	1	1
_ownerCheckedOperations.contains	1	1
isPrivilegedSystemOperation	1	1
isSystemAuthorized	1	1
methodToPermission	1	1
httpMethod.toUpperCase	1	1
isRootOperation	1	1
isRootDataOperation	1	1
first.startsWith	1	1
_rootNoDataOperations.contains	1	1
isUnscopedDataAccessAuthorized	1	1
resourceScopesOf	1	1
scopes.where	1	1
grantScopes	1	1
granted.map	1	1
permissions.addAll	1	1
r.permissions.intersection	1	1
letters.join	1	1
allScopesParse	1	1
scopes.every	1	1
resourceTypeFromPath	1	1
resource.copyWith	1	1
copyWith	1	1
db.getResourceCount	1	1
loadSpecResources	1	1
specDir.existsSync	1	1
a.path.compareTo	1	1
file.path.split	1	1
specPath.replaceAll	1	1
fixturesDir.existsSync	1	1
file.readAsString	1	1
loadSpecResourcesFromAssets	1	1
assetKeys.where	1	1
k.endsWith	1	1
loadBytes	1	1
data.buffer.asUint8List	1	1
key.split	1	1
db.heldKeys	1	1
held.contains	1	1
NdjsonStream.resources	1	1
lines.where	1	1
line.trim	1	1
chunk.add	1	1
TokenHasher._	1	1
hash	1	1
